,chromosome,position,count1,count2,statsval,sequence
9,chr11_ref_v2,10,201,121,0.1,TGCCCCTCCT
10,chr11_ref_v2,9,134,70,0.2,TTTCCCTTTC
18,chr11_ref_v2,8,61,20,0.3,TTTTCCCTTT
24,chr11_ref_v2,7,85,41,0.4,TGCTTCTTTT
25,chr11_ref_v2,6,37,7,0.5,CTACCCTCAA
28,chr11_ref_v2,5,126,77,0.6,GTGCCCCTCC
48,chr11_ref_v2,4,53,20,0.7,TTTCTCTTCC
57,chr11_ref_v2,3,135,94,0.8,TCCTCCTGCT
76,chr11_ref_v2,2,32,8,0.9,CGGCCCTTTG
84,chr11_ref_v2,1,95,60,1.0,CTCTTCTTCG
91,chr11_ref_v2,11,63,32,1.1,TTCTTCTTTT
104,chr11_ref_v2,12,29,7,1.2,CCTTTCTACT
105,chr11_ref_v2,13,55,26,1.3,CTTTTCTTCA
132,chr11_ref_v2,14,61,32,1.4,AATAAATATA
161,chr11_ref_v2,15,27,7,1.5,GAAAGATAAC
162,chr1_ref_v2,10,45,20,0.1,TTCTTCTTAT
259,chr1_ref_v2,9,38,16,0.2,TTCTTCTTCC
270,chr1_ref_v2,8,58,33,0.3,AGCAGTATGT
323,chr1_ref_v2,7,23,6,0.4,CTCCTCTTCC
355,chr1_ref_v2,6,27,9,0.5,ATATCCTCTT
412,chr1_ref_v2,5,35,15,0.6,CTAATCTACC
413,chr1_ref_v2,4,35,15,0.7,TGATGTTATA
433,chr1_ref_v2,3,32,13,0.8,GGTATATTTT
436,chr1_ref_v2,2,104,80,0.9,TATAACTTAA
437,chr1_ref_v2,1,50,28,1.0,TCATTCTTCT
741,chr1_ref_v2,11,31,14,1.1,TCAGTCTCTA
743,chr1_ref_v2,12,23,8,1.2,CTCTTCCTGC
772,chr1_ref_v2,13,71,51,1.3,CTGACATCGC
778,chr1_ref_v2,14,108,89,1.4,TCTTCCTCTT
1007,chr1_ref_v2,15,35,18,1.5,CAACCCTCTT
1119,chr5_ref_v2,10,38,21,0.1,CTCTTCTTCT
1920,chr5_ref_v2,9,36,21,0.2,TTCTTCTTTT
1921,chr5_ref_v2,8,28,14,0.3,GTCTCTATTC
1922,chr5_ref_v2,7,28,14,0.4,TGCTTCTTCT
1941,chr5_ref_v2,6,82,67,0.5,ATTACATTTC
1942,chr5_ref_v2,5,19,7,0.6,TTCAGTCAGG
1943,chr5_ref_v2,4,19,7,0.7,TTCTTGTTTT
3161,chr5_ref_v2,3,52,38,0.8,TTCATCTTCA
3372,chr5_ref_v2,2,23,11,0.9,CATTTCTTCC
3380,chr5_ref_v2,1,18,7,1.0,ATGCTCTTTA
3381,chr5_ref_v2,11,18,7,1.1,TTCTTTTTTT
3382,chr5_ref_v2,12,18,7,1.2,TTCTTCGTTC
3531,chr5_ref_v2,13,27,15,1.3,TCCTTCTTCC
3538,chr5_ref_v2,14,73,61,1.4,GCTGCCATAT
3539,chr5_ref_v2,15,85,74,1.5,TTCTCCTTCT
3824,chr5_ref_v2,16,49,37,0.15,ATTTTCTTCA
6977,chr5_ref_v2,17,28,18,0.25,TTTTCTTCCT